codigo;nombre;apellido;correo;genero
1;Juan;Pérez;juan@gmail.com;m
2;Andrea;Gonzalez;andrea@gmail.com;f
3;Mario;Pérez;mario@gmail.com;m
4;Enrique;Pérez;enrique@gmail.com;m
5;Ernesto;Pérez;ernesto@gmail.com;m
6;Fernando;Gonzalez;fernando@gmail.com;m
7;Jessica;Pérez;jessica@gmail.com;f
8;Lucia;Gonzalez;lucia@gmail.com;f
9;Ana;Gutierrez;ana@gmail.com;f
10;Marta;Estrada;marta@gmail.com;f
